<?xml version="1.0"?>
<company>
    <staff id="1001">
        <firstname>yong</firstname>
        <lastname>mook kim</lastname>
        <nickname>mkyong</nickname>
        <salary>100000</salary>
    </staff>
    <staff id="2001">
        <firstname>low</firstname>
        <lastname>yin fong</lastname>
        <nickname>fong fong</nickname>
        <salary>200000</salary>
    </staff>
    <staff id="2001">
        <firstname>low</firstname>
        <lastname>yin fong</lastname>
        <nickname>fong fong</nickname>
        <salary>200000</salary>
    </staff>
    <staff id="2001">
        <firstname>low</firstname>
        <lastname>yin fong</lastname>
        <nickname>fong fong</nickname>
        <salary>200000</salary>
    </staff>
    <staff id="2001">
        <firstname>low</firstname>
        <lastname>yin fong</lastname>
        <nickname>fong fong</nickname>
        <salary>200000</salary>
    </staff><staff id="2001">
    <firstname>low</firstname>
    <lastname>yin fong</lastname>
    <nickname>fong fong</nickname>
    <salary>200000</salary>
</staff><staff id="2001">
    <firstname>low</firstname>
    <lastname>yin fong</lastname>
    <nickname>fong fong</nickname>
    <salary>200000</salary>
</staff><staff id="2001">
    <firstname>low</firstname>
    <lastname>yin fong</lastname>
    <nickname>fong fong</nickname>
    <salary>200000</salary>
</staff>






</company>